"date","ipi"
1990-01-01,27.77
1990-02-01,25.11
1990-03-01,30.38
1990-04-01,29.09
1990-05-01,30.04
1990-06-01,29.59
1990-07-01,28.12
1990-08-01,30.02
1990-09-01,29.29
1990-10-01,30.04
1990-11-01,29.83
1990-12-01,29.64
1991-01-01,30.17
1991-02-01,30.85
1991-03-01,30.18
1991-04-01,30.99
1991-05-01,30.4
1991-06-01,30.63
1991-07-01,30.43
1991-08-01,31.21
1991-09-01,31.29
1991-10-01,31.99
1991-11-01,31.78
1991-12-01,33.14
1992-01-01,32.57
1992-02-01,32.93
1992-03-01,32.09
1992-04-01,33.87
1992-05-01,34.06
1992-06-01,33.79
1992-07-01,34.49
1992-08-01,35.92
1992-09-01,31.93
1992-10-01,33.84
1992-11-01,34.36
1992-12-01,33.52
1993-01-01,35.42
1993-02-01,35.58
1993-03-01,36.12
1993-04-01,34.24
1993-05-01,34.51
1993-06-01,35.53
1993-07-01,35.2
1993-08-01,34.27
1993-09-01,36.14
1993-10-01,35.34
1993-11-01,36.14
1993-12-01,37.86
1994-01-01,34.47
1994-02-01,34.27
1994-03-01,34.44
1994-04-01,35.13
1994-05-01,35.16
1994-06-01,35.92
1994-07-01,36.94
1994-08-01,37.35
1994-09-01,36.83
1994-10-01,37.53
1994-11-01,37.63
1994-12-01,38.1
1995-01-01,37.18
1995-02-01,37.42
1995-03-01,38.51
1995-04-01,38.61
1995-05-01,39.27
1995-06-01,39.39
1995-07-01,39
1995-08-01,38.86
1995-09-01,39.31
1995-10-01,39.05
1995-11-01,37.55
1995-12-01,39.34
1996-01-01,39.88
1996-02-01,39.56
1996-03-01,40.49
1996-04-01,39.97
1996-05-01,41.66
1996-06-01,40.05
1996-07-01,37.75
1996-08-01,38.92
1996-09-01,39.78
1996-10-01,39.16
1996-11-01,41.97
1996-12-01,44.02
1997-01-01,41.34
1997-02-01,40.53
1997-03-01,40.08
1997-04-01,41.35
1997-05-01,40.42
1997-06-01,40.26
1997-07-01,41.3
1997-08-01,42.47
1997-09-01,41.88
1997-10-01,46.16
1997-11-01,38.07
1997-12-01,41.62
1998-01-01,43.13
1998-02-01,45.61
1998-03-01,44.53
1998-04-01,45.32
1998-05-01,45.73
1998-06-01,45.12
1998-07-01,47.73
1998-08-01,45.27
1998-09-01,46.17
1998-10-01,45.47
1998-11-01,45.89
1998-12-01,46.87
1999-01-01,44.52
1999-02-01,48.84
1999-03-01,47.38
1999-04-01,45.47
1999-05-01,47.08
1999-06-01,50.01
1999-07-01,47.41
1999-08-01,47.93
1999-09-01,46.9
1999-10-01,50.11
1999-11-01,51.04
1999-12-01,50.22
2000-01-01,51.64
2000-02-01,49.66
2000-03-01,50.01
2000-04-01,48.62
2000-05-01,53.3
2000-06-01,52.05
2000-07-01,50.52
2000-08-01,50.88
2000-09-01,53.38
2000-10-01,53.89
2000-11-01,54.18
2000-12-01,55.6
2001-01-01,54.45
2001-02-01,55.87
2001-03-01,57.77
2001-04-01,58.83
2001-05-01,59.67
2001-06-01,59.11
2001-07-01,58.72
2001-08-01,60.91
2001-09-01,58.27
2001-10-01,59.2
2001-11-01,59.19
2001-12-01,59.99
2002-01-01,62.86
2002-02-01,61.41
2002-03-01,62.62
2002-04-01,62.78
2002-05-01,60.86
2002-06-01,61.1
2002-07-01,61.21
2002-08-01,62.11
2002-09-01,65.08
2002-10-01,60.64
2002-11-01,63.66
2002-12-01,59.8
2003-01-01,62.69
2003-02-01,62.71
2003-03-01,64.31
2003-04-01,63.59
2003-05-01,63.28
2003-06-01,65.36
2003-07-01,68.6
2003-08-01,66.15
2003-09-01,64.94
2003-10-01,65.78
2003-11-01,65.65
2003-12-01,67.64
2004-01-01,67.22
2004-02-01,67.92
2004-03-01,67.6
2004-04-01,66.21
2004-05-01,70.06
2004-06-01,68.31
2004-07-01,67.35
2004-08-01,68.11
2004-09-01,67.56
2004-10-01,69.02
2004-11-01,69.31
2004-12-01,68.83
2005-01-01,68.43
2005-02-01,69.7
2005-03-01,68.22
2005-04-01,72.74
2005-05-01,70.41
2005-06-01,70.25
2005-07-01,71.06
2005-08-01,72.78
2005-09-01,73.23
2005-10-01,72.22
2005-11-01,72.77
2005-12-01,72.53
2006-01-01,69.97
2006-02-01,72.6
2006-03-01,73.83
2006-04-01,74.66
2006-05-01,73.24
2006-06-01,72.52
2006-07-01,73.84
2006-08-01,69.36
2006-09-01,71.97
2006-10-01,72.59
2006-11-01,72.03
2006-12-01,71.63
2007-01-01,76.56
2007-02-01,73.53
2007-03-01,71.71
2007-04-01,71.34
2007-05-01,73.19
2007-06-01,72.03
2007-07-01,73.38
2007-08-01,73.54
2007-09-01,73.83
2007-10-01,71.88
2007-11-01,71.77
2007-12-01,73.89
2008-01-01,72.72
2008-02-01,75.4
2008-03-01,73.7
2008-04-01,72.09
2008-05-01,69.72
2008-06-01,71.38
2008-07-01,68.27
2008-08-01,69.79
2008-09-01,70.19
2008-10-01,77.1
2008-11-01,75.54
2008-12-01,74.28
2009-01-01,74.55
2009-02-01,66.59
2009-03-01,69.37
2009-04-01,69.95
2009-05-01,74.99
2009-06-01,76.04
2009-07-01,74.08
2009-08-01,73.28
2009-09-01,82.54
2009-10-01,69.92
2009-11-01,77.59
2009-12-01,78.58
2010-01-01,72.9
2010-02-01,70.73
2010-03-01,74.47
2010-04-01,70.83
2010-05-01,72.76
2010-06-01,74.15
2010-07-01,77.15
2010-08-01,71.59
2010-09-01,68.11
2010-10-01,70.93
2010-11-01,69.19
2010-12-01,70.52
2011-01-01,67.85
2011-02-01,73.57
2011-03-01,68.35
2011-04-01,65.56
2011-05-01,67.63
2011-06-01,65.67
2011-07-01,70.8
2011-08-01,72.94
2011-09-01,67.98
2011-10-01,70.24
2011-11-01,72.08
2011-12-01,71.07
2012-01-01,66.31
2012-02-01,72.95
2012-03-01,71.88
2012-04-01,78.7
2012-05-01,77.04
2012-06-01,76.31
2012-07-01,73.41
2012-08-01,79.07
2012-09-01,74.61
2012-10-01,65.78
2012-11-01,71.17
2012-12-01,70.89
2013-01-01,75.47
2013-02-01,72.27
2013-03-01,73.48
2013-04-01,75.26
2013-05-01,78.11
2013-06-01,74.48
2013-07-01,72.39
2013-08-01,69.42
2013-09-01,74
2013-10-01,71.72
2013-11-01,72.51
2013-12-01,72.19
2014-01-01,66.5
2014-02-01,73.29
2014-03-01,71.01
2014-04-01,70.91
2014-05-01,66.02
2014-06-01,65.54
2014-07-01,67.19
2014-08-01,73.46
2014-09-01,73.24
2014-10-01,73.35
2014-11-01,73.58
2014-12-01,74.23
2015-01-01,79.41
2015-02-01,81.25
2015-03-01,82.98
2015-04-01,80.88
2015-05-01,82.27
2015-06-01,80.48
2015-07-01,81.16
2015-08-01,81.83
2015-09-01,82.41
2015-10-01,82.07
2015-11-01,81.02
2015-12-01,88.85
2016-01-01,82.35
2016-02-01,77.04
2016-03-01,81.23
2016-04-01,78.47
2016-05-01,80.88
2016-06-01,84.95
2016-07-01,81.99
2016-08-01,84.26
2016-09-01,79.99
2016-10-01,76.66
2016-11-01,87.59
2016-12-01,81.5
2017-01-01,81.67
2017-02-01,80.34
2017-03-01,76.87
2017-04-01,84.65
2017-05-01,82.94
2017-06-01,83.37
2017-07-01,83.12
2017-08-01,78.92
2017-09-01,84.26
2017-10-01,86.25
2017-11-01,90.76
2017-12-01,87.2
2018-01-01,84.32
2018-02-01,84.18
2018-03-01,92.21
2018-04-01,87.48
2018-05-01,87.28
2018-06-01,88.95
2018-07-01,89.37
2018-08-01,90.47
2018-09-01,87.96
2018-10-01,91.05
2018-11-01,89.46
2018-12-01,97.08
2019-01-01,88.57
2019-02-01,94.46
2019-03-01,88.12
2019-04-01,91.51
2019-05-01,103.37
2019-06-01,91.3
2019-07-01,97.13
2019-08-01,96.28
2019-09-01,95.65
2019-10-01,107.77
2019-11-01,94.01
2019-12-01,98.6
2020-01-01,97.45
2020-02-01,95.92
2020-03-01,117.32
2020-04-01,92.88
2020-05-01,94.74
2020-06-01,97.38
2020-07-01,97.95
2020-08-01,91.86
2020-09-01,100.12
2020-10-01,107.47
2020-11-01,99.83
2020-12-01,93.4
2021-01-01,116.21
2021-02-01,102.68
2021-03-01,103.97
2021-04-01,98.07
2021-05-01,101.54
2021-06-01,98.03
2021-07-01,92.89
2021-08-01,106.9
2021-09-01,98.09
2021-10-01,99.07
2021-11-01,96.44
2021-12-01,86.11
2022-01-01,106.55
2022-02-01,94.44
2022-03-01,97.77
2022-04-01,107.25
2022-05-01,108.16
2022-06-01,108.48
2022-07-01,104.67
2022-08-01,108.19
2022-09-01,106.83
2022-10-01,105.94
2022-11-01,108.38
2022-12-01,116.5
2023-01-01,106.19
2023-02-01,112.43
2023-03-01,102.01
2023-04-01,100.37
2023-05-01,100.03
2023-06-01,103.86
2023-07-01,108.95
2023-08-01,101.62
2023-09-01,106.32
2023-10-01,108.97
2023-11-01,112.08
2023-12-01,115.25
2024-01-01,116.05
2024-02-01,115.66
2024-03-01,118.51
2024-04-01,120.22
2024-05-01,117.52
2024-06-01,116.28
2024-07-01,116.65
2024-08-01,133.21
2024-09-01,123.2
2024-10-01,119.36
2024-11-01,123.01
2024-12-01,116.32
2025-01-01,118.43
2025-02-01,122.42
2025-03-01,124.06
2025-04-01,124.29
2025-05-01,120.98
2025-06-01,121.86
2025-07-01,120.75
2025-08-01,120.21
2025-09-01,114.54
2025-10-01,116.71
2025-11-01,113.72
2025-12-01,120.21
2026-01-01,116.71
2026-02-01,116.78
2026-03-01,119.57
